{
  "mean_a": -0.09795910465863181,
  "mean_b": -0.09795910465863181,
  "t_stat": NaN,
  "p_value": NaN
}