{
  "mean_a": 0.2457470513569205,
  "mean_b": 0.24574705135692065,
  "t_stat": -0.6237527748361169,
  "p_value": 0.5665973372682609
}