{
  "mean_a": -0.03438582336594962,
  "mean_b": -0.03438582336594962,
  "t_stat": NaN,
  "p_value": NaN
}