{
  "mean_a": -1.2155108942096369,
  "mean_b": -1.2155108942096369,
  "t_stat": NaN,
  "p_value": NaN
}