{
  "mean_a": 0.18733743393016686,
  "mean_b": 0.18733743393016686,
  "t_stat": NaN,
  "p_value": NaN
}