{
  "r2_score": 0.651663810678849,
  "adjusted_r2": 0.651663810678849,
  "mae": 0.055357308245978336,
  "mse": 0.004691367738182196,
  "rmse": 0.06849355982997377,
  "pearson_r": 0.8565296453032197
}