{
  "r2_score": 0.8191990830473107,
  "adjusted_r2": 0.8191990830473107,
  "mae": 0.04126092876534984,
  "mse": 0.0024350142615919756,
  "rmse": 0.049345863672571134,
  "pearson_r": 0.9111933197494437
}