{
  "r2_score": 0.9177919510808338,
  "adjusted_r2": 0.9177919510808338,
  "mae": 0.027881648228857213,
  "mse": 0.0011071723247299777,
  "rmse": 0.03327419908472596,
  "pearson_r": 0.9658115981892229
}