{
  "best_params": {
    "alpha": 0.001
  },
  "cv_r2_mean": 0.8931588713445808,
  "cv_r2_per_fold": [
    0.9087554412982587,
    0.9645093568069957,
    0.9135200905968281,
    0.879978320336117,
    0.799031147684705
  ]
}