{
  "best_params": {},
  "cv_r2_mean": 0.7933158052327061,
  "cv_r2_per_fold": [
    0.5728487794612462,
    0.9505201191969406,
    0.8920018042611755,
    0.7872721177456414,
    0.7639362054985267
  ]
}