{
  "r2_score": 0.7840222573538413,
  "adjusted_r2": 0.7840222573538413,
  "mae": 0.04549147044436016,
  "mse": 0.0029087733203668094,
  "rmse": 0.0539330447904326,
  "pearson_r": 0.910280931204039
}