{
  "best_params": {
    "poly__degree": 2
  },
  "cv_r2_mean": 0.7809133797748619,
  "cv_r2_per_fold": [
    0.5133404061924906,
    0.8981200025131175,
    0.9004521324441802,
    0.8962539658341651,
    0.6964003918903562
  ]
}