{
  "SVM": {
    "t_statistic": 2.66063040542242,
    "p_value": 0.05635331309457759
  },
  "KNN": {
    "t_statistic": 2.263610032532035,
    "p_value": 0.08633512718457238
  },
  "Linear": {
    "t_statistic": -0.3206702803582319,
    "p_value": 0.7645141856674147
  },
  "Ridge": {
    "t_statistic": -1.8039060308434844,
    "p_value": 0.14557533089878782
  },
  "Lasso": {
    "t_statistic": -5.10440076165476,
    "p_value": 0.006961235079746785
  },
  "Polynomial": {
    "t_statistic": -0.11411085914375572,
    "p_value": 0.914648232079301
  },
  "MLP": {
    "t_statistic": 0.46595047784800203,
    "p_value": 0.665492444420626
  },
  "XGBoost": {
    "t_statistic": -1.718915553463186,
    "p_value": 0.16075395154213643
  },
  "DecisionTree": {
    "t_statistic": 1.4586471256871427,
    "p_value": 0.21841857204038123
  }
}