{
  "r2_score": 0.7320312619658071,
  "adjusted_r2": 0.7320312619658071,
  "mae": 0.04669802624321065,
  "mse": 0.0036089844552326437,
  "rmse": 0.060074823805256757,
  "pearson_r": 0.9265207634073145
}