{
  "r2_score": 0.9524532486887959,
  "adjusted_r2": 0.9524532486887959,
  "mae": 0.018051590326420446,
  "mse": 0.0006403563626032098,
  "rmse": 0.02530526353554157,
  "pearson_r": 0.9799670830076881
}