{
  "r2_score": 0.8136763009094725,
  "adjusted_r2": 0.8136763009094725,
  "mae": 0.04113209914451817,
  "mse": 0.002616449620233125,
  "rmse": 0.051151242606931116,
  "pearson_r": 0.9077527760359541
}