{
  "best_params": {},
  "cv_r2_mean": 0.8953076849568842,
  "cv_r2_per_fold": [
    0.7878749914841203,
    0.9823515295706446,
    0.9144788719730044,
    0.9517998300587105,
    0.8400332016979406
  ]
}