{
  "best_params": {
    "alpha": 0.001,
    "hidden_layer_sizes": [
      100
    ],
    "learning_rate_init": 0.01
  },
  "cv_r2_mean": 0.7926484656521343,
  "cv_r2_per_fold": [
    0.5040406259990866,
    0.766784080258788,
    0.904571309561197,
    0.9103369582687373,
    0.8775093541728629
  ]
}