{
  "r2_score": 0.9023060703808402,
  "adjusted_r2": 0.9023060703808402,
  "mae": 0.028501721479197266,
  "mse": 0.0013718665220731835,
  "rmse": 0.03703871652842716,
  "pearson_r": 0.9559265777388184
}