{
  "best_params": {
    "max_depth": null,
    "min_samples_leaf": 2,
    "n_estimators": 800
  },
  "cv_r2_mean": 0.7683137525786636,
  "cv_r2_per_fold": [
    0.8282779938510563,
    0.8329927788509267,
    0.7363314487309932,
    0.7249310466982277,
    0.7190354947621141
  ]
}