{
  "best_params": {
    "svm__C": 0.1,
    "svm__degree": 2,
    "svm__gamma": "scale",
    "svm__kernel": "linear"
  },
  "cv_r2_mean": 0.5515436893870106,
  "cv_r2_per_fold": [
    0.2637108370839861,
    0.7412785386720157,
    0.687166198948741,
    0.3898476357275281,
    0.6757152365027821
  ]
}