y_true,y_pred
0.5137930483198346,0.51469976
0.4436657082168878,0.486928
0.6689744681467077,0.66757727
0.6816089216302335,0.6286338
0.4931662308938777,0.49940044
0.7489067899920239,0.70272154
0.4678452754396583,0.41095343
0.3588331189591633,0.4444847
0.49158504408785,0.52540094
0.7136603404150295,0.70069623
0.597141227740913,0.5955896
0.6126479050486444,0.59007144
0.3894773516513474,0.3754225
0.6875726358816053,0.70270467
0.6662268417211946,0.6559652
0.6446939846178938,0.6562078
