{
  "r2_score": 0.9113687776176691,
  "adjusted_r2": 0.9113687776176691,
  "mae": 0.025960915592522633,
  "mse": 0.0012446035006549346,
  "rmse": 0.03527893848537587,
  "pearson_r": 0.9572891871752996
}