{
  "mean_a": -7.019307535530773,
  "mean_b": -7.019307535530773,
  "t_stat": NaN,
  "p_value": NaN
}