{
  "mean_a": -4.469468600444265,
  "mean_b": -4.469468600444265,
  "t_stat": NaN,
  "p_value": NaN
}