{
  "mean_a": -7.081497783438108,
  "mean_b": -7.081497783438108,
  "t_stat": NaN,
  "p_value": NaN
}