{
  "mean_a": -4.373449561101889,
  "mean_b": -4.373449561101889,
  "t_stat": NaN,
  "p_value": NaN
}