{
  "mean_a": 0.12606808480884882,
  "mean_b": 0.12606808480884882,
  "t_stat": NaN,
  "p_value": NaN
}