{
  "mean_a": -1.7302436591990458,
  "mean_b": -1.7302436591990458,
  "t_stat": NaN,
  "p_value": NaN
}