{
  "mean_a": 0.5137466288439267,
  "mean_b": 0.5137466288439267,
  "t_stat": NaN,
  "p_value": NaN
}