{
  "mean_a": 0.515162258340977,
  "mean_b": 0.515162258340977,
  "t_stat": NaN,
  "p_value": NaN
}