{
  "mean_a": 0.6592395196871085,
  "mean_b": 0.6592395196871085,
  "t_stat": NaN,
  "p_value": NaN
}