{
  "mean_a": 0.6494212098367211,
  "mean_b": 0.6494212098367211,
  "t_stat": NaN,
  "p_value": NaN
}