{
  "mean_a": 0.4055712735943204,
  "mean_b": 0.4055712735943204,
  "t_stat": NaN,
  "p_value": NaN
}