{
  "mean_a": 0.3398954995887428,
  "mean_b": 0.3398954995887428,
  "t_stat": NaN,
  "p_value": NaN
}