{
  "mean_a": 0.3373502076204676,
  "mean_b": 0.3373502076204676,
  "t_stat": NaN,
  "p_value": NaN
}