{
  "mean_a": -0.06423087993026204,
  "mean_b": -0.06423087993026204,
  "t_stat": NaN,
  "p_value": NaN
}