{
  "mean_a": -0.9584607777863601,
  "mean_b": -0.9584607777863601,
  "t_stat": NaN,
  "p_value": NaN
}