{
  "mean_a": -1.6746857190549131,
  "mean_b": -1.6746857190549131,
  "t_stat": NaN,
  "p_value": NaN
}