{
  "mean_a": -2.0199895961198138,
  "mean_b": -2.0199895961198138,
  "t_stat": NaN,
  "p_value": NaN
}