{
  "mean_a": -0.8906598044675892,
  "mean_b": -0.8906598044675892,
  "t_stat": NaN,
  "p_value": NaN
}