{
  "mean_a": -0.07417104982624885,
  "mean_b": -0.07417104982624885,
  "t_stat": NaN,
  "p_value": NaN
}