{
  "mean_a": 0.4296470701920384,
  "mean_b": 0.4296470701920384,
  "t_stat": NaN,
  "p_value": NaN
}