{
  "mean_a": -0.06155403814107272,
  "mean_b": -0.06155403814107272,
  "t_stat": NaN,
  "p_value": NaN
}