{
  "mean_a": 0.33380693589753296,
  "mean_b": 0.33380693589753296,
  "t_stat": NaN,
  "p_value": NaN
}