{
  "mean_a": 0.046110341106829544,
  "mean_b": 0.046110341106829544,
  "t_stat": NaN,
  "p_value": NaN
}