{
  "mean_a": -0.5134089202842913,
  "mean_b": -0.5134089202842937,
  "t_stat": 0.9776329539929683,
  "p_value": 0.3836114045141464
}