{
  "mean_a": -0.5134089202842913,
  "mean_b": -0.5134089202842883,
  "t_stat": -0.9997297808473377,
  "p_value": 0.3740169938266173
}