{
  "mean_a": -0.026558505345753058,
  "mean_b": -0.026558505345755812,
  "t_stat": 0.8056646847935321,
  "p_value": 0.4656027794480793
}