{
  "mean_a": -0.513408920284292,
  "mean_b": -0.5134089202842886,
  "t_stat": -0.950258262294904,
  "p_value": 0.39579079981272614
}