{
  "mean_a": 0.04069987502122485,
  "mean_b": 0.040699875021229646,
  "t_stat": -1.0231797190245455,
  "p_value": 0.3640643052580191
}