{
  "mean_a": -0.5134089202842911,
  "mean_b": -0.5134089202842913,
  "t_stat": 2.3717082451262845,
  "p_value": 0.07667814018767838
}