{
  "mean_a": -0.026558505345757055,
  "mean_b": -0.02655850534575723,
  "t_stat": 1.9694638556693238,
  "p_value": 0.12024334063356444
}