{
  "mean_a": 0.3563081311237827,
  "mean_b": 0.3563081311237831,
  "t_stat": -0.8964214570007952,
  "p_value": 0.4207009549818316
}