{
  "mean_a": 0.2833333333333333,
  "mean_b": 0.2833333333333333,
  "t_stat": NaN,
  "p_value": NaN
}