{
  "mean_a": 0.2457470513569205,
  "mean_b": 0.2457470513569211,
  "t_stat": -0.4606778794979673,
  "p_value": 0.6689624420341556
}