{
  "mean_a": 0.0022882051735119368,
  "mean_b": 0.0022882051735119368,
  "t_stat": NaN,
  "p_value": NaN
}