{
  "mean_a": 0.38162275473569746,
  "mean_b": 0.38162275473569746,
  "t_stat": NaN,
  "p_value": NaN
}