{
  "mean_a": 0.5238430292281768,
  "mean_b": 0.5238430292281768,
  "t_stat": NaN,
  "p_value": NaN
}