{
  "mean_a": -1.4771968556655812,
  "mean_b": -1.4771968556655812,
  "t_stat": NaN,
  "p_value": NaN
}