{
  "mean_a": -1.4623501767128129,
  "mean_b": -1.4623501767128129,
  "t_stat": NaN,
  "p_value": NaN
}