{
  "mean_a": -2.7934227716258873,
  "mean_b": -2.7934227716258873,
  "t_stat": NaN,
  "p_value": NaN
}