{
  "mean_a": -1.219491868849401,
  "mean_b": -1.219491868849401,
  "t_stat": NaN,
  "p_value": NaN
}