{
  "mean_a": 0.35628083166544416,
  "mean_b": 0.35628083166544416,
  "t_stat": NaN,
  "p_value": NaN
}