{
  "mean_a": 0.6265187728628131,
  "mean_b": 0.6265187728628131,
  "t_stat": NaN,
  "p_value": NaN
}