{
  "mean_a": -0.3419442205385138,
  "mean_b": -0.3419442205385138,
  "t_stat": NaN,
  "p_value": NaN
}