{
  "r2_score": 0.7273217331268388,
  "adjusted_r2": 0.7273217331268388,
  "mae": 0.050593744891410074,
  "mse": 0.003672412064348517,
  "rmse": 0.060600429572310106,
  "pearson_r": 0.8899477496823354
}