{
  "r2_score": 0.7961717015550409,
  "adjusted_r2": 0.7961717015550409,
  "mae": 0.04292709234417789,
  "mse": 0.00274514544502767,
  "rmse": 0.052394135597676104,
  "pearson_r": 0.9162065599861337
}