{
  "r2_score": 0.3371960391709492,
  "adjusted_r2": 0.3371960391709492,
  "mae": 0.08785062341335126,
  "mse": 0.009307421332149506,
  "rmse": 0.09647497775148489,
  "pearson_r": 0.6424423108825493
}