{
  "r2_score": 0.3530704026638116,
  "adjusted_r2": 0.3530704026638116,
  "mae": 0.08809318037589858,
  "mse": 0.009084505661544649,
  "rmse": 0.09531267314237205,
  "pearson_r": 0.6783765249306141
}