{
  "best_params": {
    "n_neighbors": 5,
    "p": 1,
    "weights": "uniform"
  },
  "cv_r2_mean": 0.6599169028096012,
  "cv_r2_per_fold": [
    0.6823502822077698,
    0.8166401327161574,
    0.7516651976689008,
    0.3956288791880963,
    0.6533000222670815
  ]
}