{
  "r2_score": 0.8058472213432416,
  "adjusted_r2": 0.8058472213432416,
  "mae": 0.04087331658348086,
  "mse": 0.002614836212808736,
  "rmse": 0.05113546922448973,
  "pearson_r": 0.9126584433184275
}