{
  "best_params": {
    "n_neighbors": 5,
    "p": 2,
    "weights": "uniform"
  },
  "cv_r2_mean": 0.6282631735926405,
  "cv_r2_per_fold": [
    0.6266390118690099,
    0.7775329941121027,
    0.7749272896134192,
    0.3433862972949343,
    0.6188302750737364
  ]
}