{
  "accuracy": 0.5625,
  "macro_f1": 0.5347619047619048,
  "macro_precision": 0.5533333333333333,
  "macro_recall": 0.55,
  "auroc_macro": 0.8419871794871796
}