{
  "best_params": {
    "n_neighbors": 5,
    "p": 1,
    "weights": "uniform"
  },
  "cv_r2_mean": 0.6555889700494507,
  "cv_r2_per_fold": [
    0.6823502822077698,
    0.7822823255519071,
    0.7643833410323988,
    0.3956288791880963,
    0.6533000222670815
  ]
}