{
  "best_params": {
    "n_neighbors": 5,
    "p": 1,
    "weights": "uniform"
  },
  "cv_r2_mean": 0.6547875027381849,
  "cv_r2_per_fold": [
    0.7032133575011983,
    0.7882016828002456,
    0.749610707927786,
    0.3922266362809499,
    0.6406851291807449
  ]
}