{
  "best_params": {
    "alpha": 0.001
  },
  "cv_r2_mean": 0.9001965866876069,
  "cv_r2_per_fold": [
    0.9087553826263375,
    0.9638195424992607,
    0.9222242147196275,
    0.9071527190211466,
    0.7990310745716632
  ]
}