{
  "best_params": {
    "alpha": 0.001
  },
  "cv_r2_mean": 0.8716343155966289,
  "cv_r2_per_fold": [
    0.8739071067900614,
    0.9751488132529341,
    0.9368506670993338,
    0.7882929806957794,
    0.7839720101450354
  ]
}