{
  "r2_score": 0.9177917599590303,
  "adjusted_r2": 0.9177917599590303,
  "mae": 0.02788160359776586,
  "mse": 0.0011071748987452256,
  "rmse": 0.03327423776354953,
  "pearson_r": 0.9658115579166237
}