{
  "best_params": {
    "alpha": 0.001
  },
  "cv_r2_mean": 0.8712935047455895,
  "cv_r2_per_fold": [
    0.8749765254741384,
    0.9749021050076846,
    0.9377203513300578,
    0.7848965317710315,
    0.7839720101450354
  ]
}