{
  "r2_score": 0.916985187299719,
  "adjusted_r2": 0.916985187299719,
  "mae": 0.030493483336459376,
  "mse": 0.0011657350955545545,
  "rmse": 0.03414286302515585,
  "pearson_r": 0.9634235658012797
}