{
  "r2_score": 0.9169301844547151,
  "adjusted_r2": 0.9169301844547151,
  "mae": 0.03050599119033638,
  "mse": 0.0011665074727326846,
  "rmse": 0.03415417211312089,
  "pearson_r": 0.9633264723656207
}