{
  "best_params": {
    "alpha": 0.001
  },
  "cv_r2_mean": 0.8928361072090854,
  "cv_r2_per_fold": [
    0.9087554397716471,
    0.9643996211398143,
    0.914027506226635,
    0.8779668223512622,
    0.7990311465560681
  ]
}