{
  "r2_score": 0.9177884742954666,
  "adjusted_r2": 0.9177884742954666,
  "mae": 0.027881810010584644,
  "mse": 0.0011072191498351601,
  "rmse": 0.0332749027021141,
  "pearson_r": 0.9658112571025961
}