{
  "best_params": {},
  "cv_r2_mean": 0.88981768030472,
  "cv_r2_per_fold": [
    0.7581449933994683,
    0.9849202224259749,
    0.9278884303858531,
    0.9437985275710112,
    0.834336227741292
  ]
}