{
  "r2_score": 0.4787314491894342,
  "adjusted_r2": 0.4787314491894342,
  "mae": 0.06747500635265098,
  "mse": 0.007020408838276244,
  "rmse": 0.08378788002018099,
  "pearson_r": 0.8943706362934647
}