{
  "best_params": {},
  "cv_r2_mean": 0.7217008393326012,
  "cv_r2_per_fold": [
    0.335161336955519,
    0.9299813256500253,
    0.8431656583281544,
    0.7284799049660255,
    0.7717159707632819
  ]
}