{
  "r2_score": 0.8655362067632921,
  "adjusted_r2": 0.8655362067632921,
  "mae": 0.035700330236843464,
  "mse": 0.001888207149528279,
  "rmse": 0.04345350560689297,
  "pearson_r": 0.9395913407195031
}