{
  "best_params": {},
  "cv_r2_mean": 0.785805884901254,
  "cv_r2_per_fold": [
    0.5542702827205978,
    0.950574640614799,
    0.8859950493137145,
    0.7731445414651226,
    0.7650449103920361
  ]
}