{
  "r2_score": 0.8782355704417221,
  "adjusted_r2": 0.8782355704417221,
  "mae": 0.034619193994454164,
  "mse": 0.0017098763980682274,
  "rmse": 0.041350651724830496,
  "pearson_r": 0.9449714414941042
}