{
  "r2_score": 0.7859390502642696,
  "adjusted_r2": 0.7859390502642696,
  "mae": 0.04537011970009234,
  "mse": 0.0028829580858421274,
  "rmse": 0.05369318472434027,
  "pearson_r": 0.9129005422517704
}