{
  "r2_score": 0.9065571673215511,
  "adjusted_r2": 0.9065571673215511,
  "mae": 0.028845012379152837,
  "mse": 0.0012584816164130162,
  "rmse": 0.03547508444546702,
  "pearson_r": 0.9528662224288204
}