{
  "best_params": {
    "alpha": 0.01,
    "hidden_layer_sizes": [
      100
    ],
    "learning_rate_init": 0.01
  },
  "cv_r2_mean": 0.7098967602826972,
  "cv_r2_per_fold": [
    0.2623006724032243,
    0.8043038385426138,
    0.8822285940875716,
    0.8944965452475055,
    0.7061541511325713
  ]
}