{
  "r2_score": 0.47245331300614435,
  "adjusted_r2": 0.47245331300614435,
  "mae": 0.059131005722540306,
  "mse": 0.0074080717352529735,
  "rmse": 0.0860701558918826,
  "pearson_r": 0.8334906564524378
}