{
  "r2_score": 0.5039174397309394,
  "adjusted_r2": 0.5039174397309394,
  "mae": 0.0593607775051665,
  "mse": 0.006966236891795627,
  "rmse": 0.08346398559735586,
  "pearson_r": 0.8459927243899478
}