{
  "best_params": {
    "alpha": 0.01,
    "hidden_layer_sizes": [
      50,
      50
    ],
    "learning_rate_init": 0.01
  },
  "cv_r2_mean": 0.7170799832108157,
  "cv_r2_per_fold": [
    0.838285665604583,
    0.8185476984182269,
    0.7489021032346137,
    0.34780345629884213,
    0.8318609924978125
  ]
}