{
  "r2_score": 0.168368035908399,
  "adjusted_r2": 0.168368035908399,
  "mae": 0.06719897038686276,
  "mse": 0.01120036185153138,
  "rmse": 0.10583176201656751,
  "pearson_r": 0.7750357430273711
}