{
  "r2_score": 0.2536891587247114,
  "adjusted_r2": 0.2536891587247114,
  "mae": 0.06615926675054794,
  "mse": 0.010051262862574782,
  "rmse": 0.10025598666700548,
  "pearson_r": 0.7716102450097052
}