{
  "best_params": {
    "alpha": 0.01,
    "hidden_layer_sizes": [
      100
    ],
    "learning_rate_init": 0.01
  },
  "cv_r2_mean": 0.7108113050582057,
  "cv_r2_per_fold": [
    0.24629597821118698,
    0.8284529202517276,
    0.8666276408067075,
    0.8893787372762608,
    0.7233012487451456
  ]
}