{
  "best_params": {
    "alpha": 0.01,
    "hidden_layer_sizes": [
      100
    ],
    "learning_rate_init": 0.01
  },
  "cv_r2_mean": 0.8024210110718561,
  "cv_r2_per_fold": [
    0.3747038457978191,
    0.8788725602399016,
    0.9310675573296573,
    0.9520997315841853,
    0.8753613604077181
  ]
}