{
  "r2_score": 0.8492336685441758,
  "adjusted_r2": 0.8492336685441758,
  "mae": 0.031226873402240115,
  "mse": 0.002030510538610265,
  "rmse": 0.0450611866089905,
  "pearson_r": 0.9337810786468072
}