{
  "best_params": {
    "poly__degree": 2
  },
  "cv_r2_mean": 0.8369759628216326,
  "cv_r2_per_fold": [
    0.6743399351121158,
    0.905787392764243,
    0.8967132690011,
    0.900041924458182,
    0.8079972927725216
  ]
}