{
  "best_params": {
    "poly__degree": 2
  },
  "cv_r2_mean": 0.7404306552334706,
  "cv_r2_per_fold": [
    0.4558615816759324,
    0.8743880099030674,
    0.8989350018595637,
    0.7736905166382019,
    0.6992781660905878
  ]
}