{
  "best_params": {
    "poly__degree": 2
  },
  "cv_r2_mean": 0.7791452468655746,
  "cv_r2_per_fold": [
    0.5036458375147714,
    0.8980066826705244,
    0.901161913454539,
    0.893602940584665,
    0.6993088601033738
  ]
}