{
  "r2_score": 0.8527025280956527,
  "adjusted_r2": 0.8527025280956527,
  "mae": 0.03393753623027033,
  "mse": 0.002068424018558045,
  "rmse": 0.04547992984337206,
  "pearson_r": 0.942812013146327
}