{
  "r2_score": 0.863919610782768,
  "adjusted_r2": 0.863919610782768,
  "mae": 0.032236325164185425,
  "mse": 0.0019109081905657787,
  "rmse": 0.04371393588509022,
  "pearson_r": 0.9449662834396914
}