{
  "r2_score": 0.8544804173419277,
  "adjusted_r2": 0.8544804173419277,
  "mae": 0.0305345563981362,
  "mse": 0.001959847688195299,
  "rmse": 0.044270167022446384,
  "pearson_r": 0.9352746221104272
}