{
  "best_params": {
    "poly__degree": 2
  },
  "cv_r2_mean": 0.8383462889249129,
  "cv_r2_per_fold": [
    0.6485040595409213,
    0.9092270103936219,
    0.913436630319369,
    0.9146223246481346,
    0.8059414197225181
  ]
}