{
  "r2_score": 0.8878406367935363,
  "adjusted_r2": 0.8878406367935363,
  "mae": 0.029184158042906205,
  "mse": 0.001510554556812778,
  "rmse": 0.03886585335243237,
  "pearson_r": 0.9482604955121815
}