{
  "best_params": {
    "max_depth": null,
    "min_samples_leaf": 2,
    "n_estimators": 200
  },
  "cv_r2_mean": 0.770785954618898,
  "cv_r2_per_fold": [
    0.8178427855760442,
    0.8078537174423898,
    0.7795096511062158,
    0.6974186867074462,
    0.7513049322623939
  ]
}