{
  "best_params": {
    "max_depth": null,
    "min_samples_leaf": 2,
    "n_estimators": 800
  },
  "cv_r2_mean": 0.7489861910690296,
  "cv_r2_per_fold": [
    0.7698557403918665,
    0.8075106693501437,
    0.7895764979536288,
    0.6708366287678562,
    0.7071514188816528
  ]
}