{
  "r2_score": 0.9334202837271055,
  "adjusted_r2": 1.0344377842790833,
  "mae": 0.02474729580172844,
  "mse": 0.0008966910200995746,
  "rmse": 0.02994479955016521
}