{
  "r2_score": 0.941187418303549,
  "adjusted_r2": 0.941187418303549,
  "mae": 0.022237356334208577,
  "mse": 0.0007920837881003413,
  "rmse": 0.028143983159821948,
  "pearson_r": 0.9784185573533426
}