{
  "best_params": {
    "max_depth": 10,
    "min_samples_leaf": 2,
    "n_estimators": 200
  },
  "cv_r2_mean": 0.770785954618898,
  "cv_r2_per_fold": [
    0.817842785576044,
    0.8078537174423899,
    0.7795096511062156,
    0.6974186867074466,
    0.7513049322623939
  ]
}