{
  "r2_score": 0.9411874183035489,
  "adjusted_r2": 0.9411874183035489,
  "mae": 0.022237356334208598,
  "mse": 0.0007920837881003429,
  "rmse": 0.028143983159821973,
  "pearson_r": 0.9784185573533425
}