{
  "r2_score": 0.9029814996561241,
  "adjusted_r2": 0.9029814996561241,
  "mae": 0.02817465605197461,
  "mse": 0.0013623818098254296,
  "rmse": 0.03691045664612441,
  "pearson_r": 0.95602223351366
}