{
  "best_params": {
    "max_depth": 5,
    "min_samples_leaf": 2,
    "n_estimators": 400
  },
  "cv_r2_mean": 0.7679783704235718,
  "cv_r2_per_fold": [
    0.8201525278596224,
    0.8246262089295311,
    0.7488330986971767,
    0.7203018546493101,
    0.7259781619822184
  ]
}