{
  "r2_score": 0.94160073089666,
  "adjusted_r2": 0.94160073089666,
  "mae": 0.021884809532864938,
  "mse": 0.0007865173226438406,
  "rmse": 0.02804491616396527,
  "pearson_r": 0.9785049432049423
}