{
  "r2_score": 0.9334202837271056,
  "adjusted_r2": 0.9334202837271056,
  "mae": 0.02474729580172841,
  "mse": 0.0008966910200995737,
  "rmse": 0.029944799550165196,
  "pearson_r": 0.9763899331041765
}