{
  "best_params": {
    "max_depth": 10,
    "min_samples_leaf": 2,
    "n_estimators": 200
  },
  "cv_r2_mean": 0.7692749732993933,
  "cv_r2_per_fold": [
    0.8076936892516828,
    0.7938775700322083,
    0.7849995329692429,
    0.7034687994436624,
    0.7563352748001699
  ]
}