{
  "r2_score": 0.9411874183035489,
  "adjusted_r2": 0.9411874183035489,
  "mae": 0.02223735633420858,
  "mse": 0.0007920837881003431,
  "rmse": 0.02814398315982198,
  "pearson_r": 0.9784185573533426
}