{
  "r2_score": 0.9334202837271055,
  "adjusted_r2": 0.9334202837271055,
  "mae": 0.024747295801728422,
  "mse": 0.0008966910200995743,
  "rmse": 0.029944799550165206,
  "pearson_r": 0.9763899331041764
}