{
  "r2_score": 0.90230607038084,
  "adjusted_r2": 0.90230607038084,
  "mae": 0.028501721479197262,
  "mse": 0.0013718665220731857,
  "rmse": 0.03703871652842719,
  "pearson_r": 0.9559265777388184
}