{
  "accuracy": 0.6875,
  "macro_f1": 0.6838095238095238,
  "macro_precision": 0.7166666666666666,
  "macro_recall": 0.6833333333333333,
  "auroc_macro": 0.9128205128205128
}