{
  "best_params": {
    "max_depth": 10,
    "min_samples_leaf": 2,
    "n_estimators": 800
  },
  "cv_r2_mean": 0.7683137525786634,
  "cv_r2_per_fold": [
    0.8282779938510557,
    0.8329927788509267,
    0.7363314487309929,
    0.7249310466982273,
    0.7190354947621148
  ]
}