{
  "r2_score": 0.9334202837271053,
  "adjusted_r2": 0.9334202837271053,
  "mae": 0.024747295801728457,
  "mse": 0.000896691020099577,
  "rmse": 0.02994479955016525,
  "pearson_r": 0.9763899331041765
}