{
  "best_params": {
    "max_depth": 10,
    "min_samples_leaf": 2,
    "n_estimators": 200
  },
  "cv_r2_mean": 0.770785954618898,
  "cv_r2_per_fold": [
    0.8178427855760438,
    0.8078537174423899,
    0.779509651106216,
    0.697418686707446,
    0.7513049322623939
  ]
}