{
  "SVM": {
    "t_statistic": 2.1677128119544977,
    "p_value": 0.09605571878222768
  },
  "KNN": {
    "t_statistic": 1.919545836511648,
    "p_value": 0.1273380694061685
  },
  "Linear": {
    "t_statistic": -2.459817978138414,
    "p_value": 0.06970507442335831
  },
  "Ridge": {
    "t_statistic": -2.4293930219680906,
    "p_value": 0.07202816667763609
  },
  "Lasso": {
    "t_statistic": -3.7192863989454383,
    "p_value": 0.02048727294655985
  },
  "Polynomial": {
    "t_statistic": -1.091591193483249,
    "p_value": 0.3363553810772598
  },
  "MLP": {
    "t_statistic": -0.2575124348271613,
    "p_value": 0.8094882163649164
  },
  "XGBoost": {
    "t_statistic": -0.20484446480230062,
    "p_value": 0.8476950740249196
  },
  "DecisionTree": {
    "t_statistic": 0.8128073283666098,
    "p_value": 0.4619358465178818
  }
}