{
  "SVM": {
    "t_statistic": 2.1216511675741954,
    "p_value": 0.10115382197556677
  },
  "KNN": {
    "t_statistic": 1.7606415494587235,
    "p_value": 0.15310213404105172
  },
  "Linear": {
    "t_statistic": -2.7997256861877102,
    "p_value": 0.048825201097233546
  },
  "Ridge": {
    "t_statistic": -2.6000437160867795,
    "p_value": 0.06004536932823312
  },
  "Lasso": {
    "t_statistic": -3.5075242037256955,
    "p_value": 0.024727204721146128
  },
  "Polynomial": {
    "t_statistic": -1.1628993893794954,
    "p_value": 0.30951778273790875
  },
  "MLP": {
    "t_statistic": -0.2713498739071211,
    "p_value": 0.7995502501927723
  },
  "XGBoost": {
    "t_statistic": -0.3240650297490511,
    "p_value": 0.7621262572894569
  },
  "DecisionTree": {
    "t_statistic": 0.810970721470644,
    "p_value": 0.4628765603000937
  }
}