{
  "SVM": {
    "t_statistic": 2.1216511675741945,
    "p_value": 0.10115382197556685
  },
  "KNN": {
    "t_statistic": 1.760641549458723,
    "p_value": 0.15310213404105188
  },
  "Linear": {
    "t_statistic": -2.7997256861877053,
    "p_value": 0.048825201097233796
  },
  "Ridge": {
    "t_statistic": -2.6000437160867746,
    "p_value": 0.060045369328233456
  },
  "Lasso": {
    "t_statistic": -3.507524203725693,
    "p_value": 0.024727204721146197
  },
  "Polynomial": {
    "t_statistic": -1.162899389379492,
    "p_value": 0.3095177827379101
  },
  "MLP": {
    "t_statistic": -0.24686119288615874,
    "p_value": 0.8171677057935705
  },
  "XGBoost": {
    "t_statistic": -0.32406502974904816,
    "p_value": 0.7621262572894592
  },
  "DecisionTree": {
    "t_statistic": 0.8109707214706445,
    "p_value": 0.46287656030009316
  }
}