{
  "SVM": {
    "t_statistic": 2.660630405422418,
    "p_value": 0.0563533130945777
  },
  "KNN": {
    "t_statistic": 2.263610032532034,
    "p_value": 0.08633512718457254
  },
  "Linear": {
    "t_statistic": -0.3206702803582351,
    "p_value": 0.7645141856674125
  },
  "Ridge": {
    "t_statistic": -1.8039060308434922,
    "p_value": 0.14557533089878652
  },
  "Lasso": {
    "t_statistic": -5.104400761654793,
    "p_value": 0.00696123507974662
  },
  "Polynomial": {
    "t_statistic": -0.11411085914375808,
    "p_value": 0.9146482320792994
  },
  "MLP": {
    "t_statistic": 0.4659504778480006,
    "p_value": 0.665492444420627
  },
  "XGBoost": {
    "t_statistic": -1.718915553463209,
    "p_value": 0.16075395154213215
  },
  "DecisionTree": {
    "t_statistic": 1.4586471256871407,
    "p_value": 0.21841857204038184
  }
}