{
  "SVM": {
    "t_statistic": 4.112906108662882,
    "p_value": 0.014697238622801975
  },
  "KNN": {
    "t_statistic": 2.1378058777623137,
    "p_value": 0.09933238337464578
  },
  "Linear": {
    "t_statistic": 0.26589883999076325,
    "p_value": 0.8034598087123942
  },
  "Ridge": {
    "t_statistic": -2.576147737969162,
    "p_value": 0.061577414604197654
  },
  "Lasso": {
    "t_statistic": -6.365628416198828,
    "p_value": 0.0031225617229241934
  },
  "Polynomial": {
    "t_statistic": 0.10809066955499826,
    "p_value": 0.9191287206858201
  },
  "MLP": {
    "t_statistic": 0.409741881176395,
    "p_value": 0.7029888585969576
  },
  "XGBoost": {
    "t_statistic": -0.9118415626367378,
    "p_value": 0.41343562178915605
  },
  "DecisionTree": {
    "t_statistic": 1.6388900502690302,
    "p_value": 0.17657897047540483
  }
}