{
  "r2_score": 0.9194848209537465,
  "adjusted_r2": 0.9194848209537465,
  "mae": 0.023064160681674713,
  "mse": 0.0010843728702081812,
  "rmse": 0.032929817342466104,
  "pearson_r": 0.9637238662499814
}