{
  "r2_score": 0.9175822485836279,
  "adjusted_r2": 0.9175822485836279,
  "mae": 0.023408485754060106,
  "mse": 0.0011099965834781864,
  "rmse": 0.03331661122440556,
  "pearson_r": 0.9631088699349969
}