{
  "r2_score": 0.8928068681417743,
  "adjusted_r2": 0.8928068681417743,
  "mae": 0.03129166444717542,
  "mse": 0.0015052590223951403,
  "rmse": 0.03879766774427479,
  "pearson_r": 0.9528809326031779
}