{
  "best_params": {
    "alpha": 0.1
  },
  "cv_r2_mean": 0.856913732586538,
  "cv_r2_per_fold": [
    0.7488859149917417,
    0.9574255803660685,
    0.9163849956626211,
    0.8879696488678701,
    0.7739025230443886
  ]
}