{
  "best_params": {
    "alpha": 0.1
  },
  "cv_r2_mean": 0.8573279781341906,
  "cv_r2_per_fold": [
    0.7491501632449542,
    0.9574106026556912,
    0.9175108685866347,
    0.8876579864720207,
    0.7749102697116521
  ]
}