{
  "best_params": {
    "alpha": 0.01
  },
  "cv_r2_mean": 0.8919235507922524,
  "cv_r2_per_fold": [
    0.7744535946345708,
    0.980179022906749,
    0.9193965472742918,
    0.9466054431911624,
    0.8389831459544879
  ]
}