{
  "best_params": {
    "alpha": 0.01
  },
  "cv_r2_mean": 0.8916362020418077,
  "cv_r2_per_fold": [
    0.7558868613521225,
    0.982373370529705,
    0.9316823917584395,
    0.951936103497267,
    0.8363022830715049
  ]
}