{
  "best_params": {
    "alpha": 0.1
  },
  "cv_r2_mean": 0.8465421094083581,
  "cv_r2_per_fold": [
    0.7444855800927559,
    0.9520067000271579,
    0.9380760471017657,
    0.8459448070191076,
    0.7521974128010033
  ]
}