{
  "r2_score": 0.9045763664783686,
  "adjusted_r2": 0.9045763664783686,
  "mae": 0.029370066351903437,
  "mse": 0.0013399859003852856,
  "rmse": 0.03660581784887869,
  "pearson_r": 0.9570972422284385
}