{
  "r2_score": 0.9498348477588053,
  "adjusted_r2": 0.9498348477588053,
  "mae": 0.02053138363060746,
  "mse": 0.0006756208054752603,
  "rmse": 0.025992706774694712,
  "pearson_r": 0.9766189135086882
}