{
  "r2_score": 0.7236348333773946,
  "adjusted_r2": 0.7236348333773946,
  "mae": 0.05164383041898911,
  "mse": 0.0038808564814079597,
  "rmse": 0.0622965206204003,
  "pearson_r": 0.9091729673575937
}