{
  "best_params": {
    "svm__C": 0.1,
    "svm__degree": 2,
    "svm__gamma": "scale",
    "svm__kernel": "linear"
  },
  "cv_r2_mean": 0.5629136884658713,
  "cv_r2_per_fold": [
    0.35233535010701134,
    0.7343556449880709,
    0.6638615533290866,
    0.3848112233315669,
    0.6792046705736211
  ]
}