{
  "best_params": {
    "svm__C": 0.1,
    "svm__degree": 2,
    "svm__gamma": "scale",
    "svm__kernel": "linear"
  },
  "cv_r2_mean": 0.5796261317584891,
  "cv_r2_per_fold": [
    0.4856975399525615,
    0.7419039979556681,
    0.6907941288305635,
    0.4316139453690687,
    0.548121046684584
  ]
}