{
  "best_params": {
    "svm__C": 0.1,
    "svm__degree": 2,
    "svm__gamma": "scale",
    "svm__kernel": "linear"
  },
  "cv_r2_mean": 0.5548418300144146,
  "cv_r2_per_fold": [
    0.2708618428928671,
    0.7374955921474955,
    0.6837628261166853,
    0.39569072567265395,
    0.6863981632423712
  ]
}