{
  "r2_score": 0.723768326612629,
  "adjusted_r2": 0.723768326612629,
  "mae": 0.051323087741380384,
  "mse": 0.0038789819033143652,
  "rmse": 0.06228147319479819,
  "pearson_r": 0.9114203337512639
}