{
  "best_params": {
    "svm__C": 0.1,
    "svm__degree": 2,
    "svm__gamma": "scale",
    "svm__kernel": "linear"
  },
  "cv_r2_mean": 0.5616193387080395,
  "cv_r2_per_fold": [
    0.3514702429221912,
    0.7354433080072325,
    0.6646942917585998,
    0.3798355498704089,
    0.6766533009817653
  ]
}