{
  "r2_score": 0.7319802791637233,
  "adjusted_r2": 0.7319802791637233,
  "mae": 0.04921304700644542,
  "mse": 0.0036096710880897244,
  "rmse": 0.06008053834720295,
  "pearson_r": 0.929211200502625
}