{
  "r2_score": 0.7319802791637233,
  "adjusted_r2": 1.1386308900877293,
  "mae": 0.04921304700644542,
  "mse": 0.0036096710880897244,
  "rmse": 0.06008053834720295
}