{
  "r2_score": 0.7320334019723238,
  "adjusted_r2": 0.7320334019723238,
  "mae": 0.04671363988738786,
  "mse": 0.0036089556337726867,
  "rmse": 0.06007458392509004,
  "pearson_r": 0.9268511068360679
}