y_true,y_pred
0.5137930483198346,0.5051672
0.4436657082168878,0.48096588
0.6689744681467077,0.67461455
0.6816089216302335,0.63868195
0.4931662308938777,0.49684
0.7489067899920239,0.7094601
0.4678452754396583,0.41768143
0.3588331189591633,0.4358599
0.49158504408785,0.53454965
0.7136603404150295,0.6974952
0.597141227740913,0.5798191
0.6126479050486444,0.6104786
0.3894773516513474,0.3689092
0.6875726358816053,0.7054222
0.6662268417211946,0.66226625
0.6446939846178938,0.64611197
