y_true,y_pred
0.519314485324944,0.52284074
0.4374196630004555,0.44641387
0.6635065419479793,0.67680365
0.6788889267045759,0.6203577
0.4960790749374523,0.48584655
0.7500705957705889,0.7027049
0.4682193576105592,0.4441409
0.3746947155376695,0.43935302
0.4972613594459576,0.503317
0.710768858158034,0.69983506
0.5896320171788323,0.5702455
0.6019449079296146,0.5993548
0.3944061080536704,0.42076164
0.6926296571649831,0.7033778
0.6689651998045487,0.67045796
0.6507214412612256,0.65133375
