{
  "best_params": {
    "colsample_bytree": 1.0,
    "learning_rate": 0.05,
    "max_depth": 5,
    "min_child_weight": 5,
    "n_estimators": 100,
    "subsample": 0.8
  },
  "cv_r2_mean": 0.7994188849568904,
  "cv_r2_per_fold": [
    0.7961910459844398,
    0.8869295155621729,
    0.8242055814384028,
    0.711350562154188,
    0.7784177196452481
  ]
}