{
  "r2_score": 0.9435871326443921,
  "adjusted_r2": 0.9435871326443921,
  "mae": 0.01930365957394751,
  "mse": 0.0007597646011062353,
  "rmse": 0.027563827765864364,
  "pearson_r": 0.9760710799830719
}