{
  "r2_score": 0.9557483641627027,
  "adjusted_r2": 0.9557483641627027,
  "mae": 0.017923639643184323,
  "mse": 0.0005959779749943946,
  "rmse": 0.02441266013760882,
  "pearson_r": 0.9815073558237024
}