{
  "r2_score": 0.9264255429465099,
  "adjusted_r2": 0.9264255429465099,
  "mae": 0.02420135518912993,
  "mse": 0.0010331689482127137,
  "rmse": 0.03214294554350478,
  "pearson_r": 0.9640707917716144
}