{
  "best_params": {
    "colsample_bytree": 0.8,
    "learning_rate": 0.05,
    "max_depth": 5,
    "min_child_weight": 5,
    "n_estimators": 100,
    "subsample": 1.0
  },
  "cv_r2_mean": 0.7877847371493102,
  "cv_r2_per_fold": [
    0.6845559836893164,
    0.9009177158926439,
    0.8581404754295764,
    0.6396308034951774,
    0.8556787072398372
  ]
}