y_true,y_pred
0.519314485324944,0.5329995
0.4374196630004555,0.45873824
0.6635065419479793,0.66601896
0.6788889267045759,0.61836433
0.4960790749374523,0.50236356
0.7500705957705889,0.70614517
0.4682193576105592,0.43497735
0.3746947155376695,0.40908134
0.4972613594459576,0.50261956
0.710768858158034,0.6869905
0.5896320171788323,0.58623403
0.6019449079296146,0.5929511
0.3944061080536704,0.39985815
0.6926296571649831,0.7069547
0.6689651998045487,0.6646333
0.6507214412612256,0.65598315
