{
  "best_params": {
    "colsample_bytree": 1.0,
    "learning_rate": 0.05,
    "max_depth": 5,
    "min_child_weight": 5,
    "n_estimators": 100,
    "subsample": 0.8
  },
  "cv_r2_mean": 0.7982443812701215,
  "cv_r2_per_fold": [
    0.7822976082894151,
    0.885229948842034,
    0.8276874753174785,
    0.7128851448026794,
    0.7831217290990008
  ]
}