y_true,y_pred
0.519314485324944,0.5322085
0.4374196630004555,0.45693043
0.6635065419479793,0.6661146
0.6788889267045759,0.61664677
0.4960790749374523,0.50191003
0.7500705957705889,0.70412034
0.4682193576105592,0.43286437
0.3746947155376695,0.41340828
0.4972613594459576,0.50189936
0.710768858158034,0.68772393
0.5896320171788323,0.58496475
0.6019449079296146,0.59196156
0.3944061080536704,0.4007141
0.6926296571649831,0.706904
0.6689651998045487,0.66861993
0.6507214412612256,0.65318096
