{
  "best_params": {
    "colsample_bytree": 0.8,
    "learning_rate": 0.05,
    "max_depth": 5,
    "min_child_weight": 3,
    "n_estimators": 100,
    "subsample": 0.8
  },
  "cv_r2_mean": 0.78371241978491,
  "cv_r2_per_fold": [
    0.6737583611356845,
    0.856371794374082,
    0.8364490269985277,
    0.833998806298742,
    0.717984110117514
  ]
}