{
  "best_params": {
    "colsample_bytree": 0.8,
    "learning_rate": 0.1,
    "max_depth": 7,
    "min_child_weight": 3,
    "n_estimators": 100,
    "subsample": 0.8
  },
  "cv_r2_mean": 0.783011322544391,
  "cv_r2_per_fold": [
    0.5575573866862021,
    0.895061484521355,
    0.8712947151800237,
    0.8614232562431093,
    0.7297197700912647
  ]
}