{
  "mean_a": -2.262423028730329,
  "mean_b": -2.262423028730329,
  "t_stat": NaN,
  "p_value": NaN
}