{
  "mean_a": 0.6492092882244872,
  "mean_b": 0.6492092882244872,
  "t_stat": NaN,
  "p_value": NaN
}