feature,mean_abs_shap
v014_rawvalue_norm,0.04799647365776572
v168_rawvalue_norm,0.03206389612343869
arts_ratio_norm,0.025514123267334682
v009_rawvalue_norm,0.02479466904808899
v154_rawvalue_norm,0.02408767411369725
v024_rawvalue_norm,0.020938068005809503
v005_rawvalue_norm,0.02016226173337774
v149_rawvalue_norm,0.01965395997980368
v153_rawvalue_norm,0.015538829432594915
v062_rawvalue_norm,0.015132210536382446
v137_rawvalue_norm,0.015050038792657542
v044_rawvalue_norm,0.013844026850245484
v147_rawvalue_norm,0.012251024662747514
v183_rawvalue_norm,0.011342373577691732
real_pc_income_norm,0.010092663497063992
v140_rawvalue_norm,0.00976604323428177
rpp_index_norm,0.00932059478124943
real_gdp_total_norm,0.009160772750880309
v069_rawvalue_norm,0.008671491381199185
v085_rawvalue_norm,0.008263450249553628
v138_rawvalue_norm,0.00805796214127464
v132_rawvalue_norm,0.007736391296130115
v063_rawvalue_norm,0.00751594763132754
v060_rawvalue_norm,0.007231281183256181
v171_rawvalue_norm,0.006489544251916585
v167_rawvalue_norm,0.0062497945421770085
v070_rawvalue_norm,0.0056174028438861524
v141_rawvalue_norm,0.004593345182330566
real_pce_total_norm,0.004416849778400191
v136_rawvalue_norm,0.004342388671420998
v151_rawvalue_norm,0.003682683199113784
disposable_income_total_norm,0.0035749208976244536
v045_rawvalue_norm,0.002910116709928827
v144_rawvalue_norm,0.002507626679992601
v088_rawvalue_norm,0.0023450801300316155
v131_rawvalue_norm,0.002306230771416037
v023_rawvalue_norm,0.0022818951143917686
v143_rawvalue_norm,0.002274368280697328
v036_rawvalue_norm,0.0018033493923886184
v049_rawvalue_norm,0.001688106356913023
v172_rawvalue_norm,0.0016227502338805018
v042_rawvalue_norm,0.0015858124107710353
employment_total_norm,0.0014586898012514202
v067_rawvalue_norm,0.0010552562421847764
v145_rawvalue_norm,0.0010082394768518353
v169_rawvalue_norm,0.0006735439935439425
pc_pce_norm,0.0005437828337665875
v184_rawvalue_norm,0.00037699574789051686
v004_rawvalue_norm,0.00028831381987991727
v061_rawvalue_norm,0.00021102655286016743
v011_rawvalue_norm,0.00014445730613715132
v177_rawvalue_norm,4.0227574964849826e-05
