{
  "mean_a": 0.4176763312422812,
  "mean_b": 0.4176763312422812,
  "t_stat": NaN,
  "p_value": NaN
}