{
  "mean_a": -0.026558505345753502,
  "mean_b": -0.02655850534575608,
  "t_stat": 1.1061168412675562,
  "p_value": 0.33072185930652664
}