{
  "mean_a": 0.5208449051543818,
  "mean_b": 0.5208449051543818,
  "t_stat": NaN,
  "p_value": NaN
}