{
  "mean_a": 0.6287353632080404,
  "mean_b": 0.6287353632080404,
  "t_stat": NaN,
  "p_value": NaN
}